{
  "mean_reward": -2.0726897716522217,
  "std_reward": 2.4159679412841797,
  "mean_length": 100.0,
  "mean_efficiency": 0.2752621567012196,
  "mean_profit": 0.39,
  "mean_trades": 0.5,
  "mean_profitable_trades": 0.18,
  "mean_invalid_actions": 49.445,
  "profit_ratio": 0.0039000000000000003
}