{
  "timestamp": "2025-11-29T01:23:24.768661",
  "model": "GPT3.5",
  "episodes": 3,
  "results": {
    "avg_profit": 1.0,
    "std_profit": 1.4142135623730951,
    "avg_trades": 2.0,
    "avg_efficiency": 0.8034632034632034,
    "num_episodes": 3,
    "profit_ratio_vs_zic": 0.4424778761061947
  }
}