{
  "timestamp": "2025-11-29T02:08:35.859607",
  "model": "GPT3.5",
  "episodes": 3,
  "results": {
    "avg_profit": 1.0,
    "std_profit": 0.816496580927726,
    "avg_trades": 1.6666666666666667,
    "avg_efficiency": 0.8164502164502164,
    "num_episodes": 3,
    "profit_ratio_vs_zic": 0.4424778761061947
  }
}
