{
  "timestamp": "2025-11-29T01:36:40.784438",
  "model": "GPT3.5",
  "episodes": 3,
  "results": {
    "avg_profit": 0.6666666666666666,
    "std_profit": 0.9428090415820634,
    "avg_trades": 2.0,
    "avg_efficiency": 0.8196248196248197,
    "num_episodes": 3,
    "profit_ratio_vs_zic": 0.2949852507374631
  }
}
